Model,Best_RMSE,Best_Params
Quantile,30334.353292843927,"{'alpha': 0.0008822175539532292, 'quantile': 0.6073356814652926}"
ElasticNet,33334.71709415605,"{'alpha': 0.011288759228968154, 'l1_ratio': 0.5288924647128845}"
